parents,p,e,t
0,0,0,0
0x0.1 + 1x0.9,[ 0. 72.  2.  0. 62.  0.  0.  0.],[50.  0.  0. 60.  0. 60. 10. 10.],[334 288 396 538 320 565 179 800]
0x0.2 + 1x0.8,[ 0. 70.  0.  0. 62.  0.  0.  0.],[ 60.   0.  40.  40.   0. 100.  10.  70.],[331 247 339 430 268 262 181 336]
0x0.3 + 1x0.7,[ 0. 70.  0.  0. 65.  0.  0.  0.],[ 70.   0.  50.  70.   0. 100.  10.  70.],[331 247 338 348 268 286 182 357]
0x0.4 + 1x0.6,[ 0. 70.  0.  0. 65.  0.  0.  0.],[ 70.   0.  60.  70.   0. 100.  10.  70.],[332 247 338 348 268 236 183 361]
0x0.5 + 1x0.5,[ 0. 70.  0.  0. 65.  0.  0.  0.],[70.  0. 50. 70.  0. 70. 10. 70.],[332 247 337 348 268 252 183 361]
0x0.6 + 1x0.4,[ 0. 70.  0.  0. 66.  0.  0.  0.],[70.  0. 50. 70.  0. 70. 10. 70.],[332 247 337 415 267 252 182 308]
0x0.7 + 1x0.3,[ 0. 78.  0.  0. 63.  0.  0.  0.],[70.  0. 70. 70.  0. 70. 10. 70.],[332 237 337 417 268 253 181 367]
0x0.8 + 1x0.2,[ 0. 72.  0.  0. 54.  0.  0. 27.],[70.  0. 60. 70.  0. 70. 10.  0.],[332 278 341 425 424 237 179 509]
0x0.9 + 1x0.1,[ 0. 72.  8.  0. 84.  0.  0.  0.],[70.  0.  0. 60.  0. 70. 90. 20.],[332 288 496 508 227 248  30 978]
0x0.1 + 2x0.9,[ 0.  0. 20.  0. 59.  0.  0. 23.],[70. 40.  0. 20.  0. 50. 50.  0.],[387 386 509 838 346 269 202 577]
0x0.2 + 2x0.8,[ 0.  0.  0.  0. 69.  0.  0.  0.],[50. 50. 50. 80.  0. 80. 90. 60.],[398 330 456 317 268 161  30 324]
0x0.3 + 2x0.7,[ 0.  0.  0.  0. 80.  0.  0.  0.],[ 50.  70.  30.  80.   0. 100.  90.  60.],[398 342 522 485 358 291  33 379]
0x0.4 + 2x0.6,[ 0.  0.  0.  0. 82.  0.  0.  0.],[50. 70. 30. 80.  0. 90. 70. 70.],[398 342 522 485 332 366 195 367]
0x0.5 + 2x0.5,[ 0.  0.  0.  0. 82.  0.  0.  0.],[ 50.  70.  30.  80.   0.  90. 100.  70.],[398 342 522 485 332 345  15 367]
0x0.6 + 2x0.4,[ 0.  0.  0.  0. 82.  0.  0.  0.],[ 50.  70.  30.  80.   0.  90. 100.  70.],[398 342 522 485 332 345  15 367]
0x0.7 + 2x0.3,[ 0.  0.  0.  0. 82.  0.  0.  0.],[ 50.  70.  30.  80.   0. 100. 100.  70.],[398 342 522 485 332 233  23 367]
0x0.8 + 2x0.2,[ 0.  0.  0.  0. 83.  0.  0. 59.],[ 50.  70.  30.  80.   0. 100. 100.   0.],[398 342 522 485 254 233  23 530]
0x0.9 + 2x0.1,[ 0.  0.  0.  0. 83.  0.  0. 45.],[ 50.  60.  30.  80.   0.  80. 100.   0.],[398 378 522 485 266 287  25 678]
0x0.1 + 3x0.9,[ 0. 72. 24.  0. 83.  0.  0.  0.],[50.  0.  0. 20.  0. 90. 80. 60.],[384 278 487 755 224 501  45 543]
0x0.2 + 3x0.8,[ 0.  0.  0.  0. 49.  0.  0.  0.],[ 50.  70.  20.  50.  70. 100. 100.  50.],[ 398  354  503 1046 1000  474   23  606]
0x0.3 + 3x0.7,[ 0.  0.  0.  0. 57.  0.  0.  0.],[ 60.  70.  30.  90.  90.  80. 100.  50.],[ 391  347  403  622 1000  365   15  507]
0x0.4 + 3x0.6,[ 0.  0.  0.  0. 50.  0.  0.  0.],[ 60.  70.  90.  90.  90.  90. 100.  60.],[ 314  474  326  563 1000  347   15  463]
0x0.5 + 3x0.5,[ 0.  0.  0.  0. 43.  0.  0.  0.],[ 50.  70.  90.  70.  30.  70. 100.  40.],[ 327  393  325  742 1000  486   15  517]
0x0.6 + 3x0.4,[ 0.  0.  0.  0. 67.  0.  0.  0.],[ 60.  70.  80.  60.   0.  70. 100.  50.],[354 349 325 807 360 582  15 546]
0x0.7 + 3x0.3,[ 0.  0.  0.  0. 79.  0.  0.  0.],[ 50.  70.  80.  60.   0.  90. 100.  40.],[408 342 562 885 225 345  15 676]
0x0.8 + 3x0.2,[ 0.  0.  0.  0. 92.  0.  0. 41.],[ 50.  70.  30.  80.   0.  90. 100.   0.],[398 342 522 485 198 345  15 666]
0x0.9 + 3x0.1,[ 0.  0.  0.  0. 92.  0.  0. 25.],[ 50.  70.  30.  80.   0. 100. 100.   0.],[398 342 522 485 198 241  23 798]
0x0.1 + 4x0.9,[ 0. 28.  8.  0. 63.  0.  7. 42.],[70.  0.  0. 60.  0. 20.  0.  0.],[308 227 354 364 276 357 210 357]
0x0.2 + 4x0.8,[ 0.  0. 20.  0. 70.  0.  0. 16.],[70. 20.  0. 60.  0. 40. 20.  0.],[308 181 371 358 240 359 225 448]
0x0.3 + 4x0.7,[ 0. 30.  0.  0. 66.  0. 14. 19.],[70.  0. 50. 60.  0. 90.  0.  0.],[308 278 340 353 266 248 210 424]
0x0.4 + 4x0.6,[ 0. 64.  0.  0. 63.  0. 26. 73.],[70.  0. 60. 60.  0. 60.  0.  0.],[308 258 339 408 294 378 197 323]
0x0.5 + 4x0.5,[ 0. 64.  0.  0. 80.  0.  0. 63.],[70.  0. 80. 60.  0. 70. 20.  0.],[308 258 223 435 187 161 208 422]
0x0.6 + 4x0.4,[ 0. 78.  0.  0. 66.  0.  0. 29.],[70.  0. 60. 60.  0. 70. 10.  0.],[322 237 227 472 268 161 203 678]
0x0.7 + 4x0.3,[ 0. 72.  0.  0. 62.  0.  0.  8.],[ 70.   0.  80.  60.   0.  70. 100.   0.],[328 278 227 391 306 240  25 633]
0x0.8 + 4x0.2,[ 0. 72.  0.  0. 68.  0.  0.  0.],[ 60.   0.  20.  60.   0.  70. 100.  30.],[331 278 453 403 320 264  25 599]
0x0.9 + 4x0.1,[ 0. 76. 34.  0. 88.  0.  0. 18.],[ 70.   0.   0.  60.   0.  70. 100.   0.],[332 247 496 451 226 249  25 717]
0x0.1 + 5x0.9,[ 0.  0.  0.  0. 85.  0. 45.  0.],[20. 80. 60. 70.  0. 60.  0. 80.],[308 144 342 269 187 243 236 367]
0x0.2 + 5x0.8,[ 0.  0.  0.  0. 82.  0.  0.  0.],[ 50.  70.  30.  70.   0.  70. 100.  70.],[337 329 522 316 332 370  15 274]
0x0.3 + 5x0.7,[ 0.  0.  0.  0. 82.  0.  0.  0.],[ 50.  70.  30.  80.   0.  90. 100.  70.],[398 342 522 493 332 345  15 382]
0x0.4 + 5x0.6,[ 0.  0.  0.  0. 82.  0.  0.  0.],[ 50.  70.  30.  80.   0.  90. 100.  70.],[398 342 522 485 332 345  15 367]
0x0.5 + 5x0.5,[ 0.  0.  0.  0. 82.  0.  0.  0.],[ 50.  70.  30.  80.   0.  90. 100.  70.],[398 342 522 485 332 345  15 367]
0x0.6 + 5x0.4,[ 0.  0.  0.  0. 82.  0.  0.  0.],[ 50.  70.  30.  80.   0.  90. 100.  70.],[398 342 522 485 332 345  15 367]
0x0.7 + 5x0.3,[ 0.  0.  0.  0. 82.  0.  0. 29.],[ 50.  70.  30.  80.   0.  90. 100.   0.],[398 342 522 485 332 345  15 565]
0x0.8 + 5x0.2,[ 0.  0.  0.  0. 82.  0.  0. 56.],[ 50.  70.  30.  80.   0. 100. 100.   0.],[398 342 522 485 332 237  23 529]
0x0.9 + 5x0.1,[ 0.  0.  0.  0. 81.  0.  0. 44.],[ 50.  70.  30.  80.   0.  80. 100.   0.],[398 360 522 485 280 287  25 678]
0x0.1 + 6x0.9,[ 0. 64.  0.  0. 56.  0.  0.  5.],[70.  0. 60. 60.  0. 70. 10.  0.],[308 258 337 299 292 184 291 480]
0x0.2 + 6x0.8,[ 0. 70.  0.  0. 60.  0.  0.  0.],[70.  0. 60. 70.  0. 80. 10. 80.],[308 247 337 269 293 203 302 362]
0x0.3 + 6x0.7,[ 0. 70.  0.  0. 65.  0.  0.  0.],[70.  0. 60. 70.  0. 70. 10. 80.],[308 247 337 269 268 163 306 222]
0x0.4 + 6x0.6,[ 0.  0.  0.  0. 65.  0.  0.  0.],[70. 20. 60. 70.  0. 80. 40. 80.],[308 315 337 269 268 164 309 222]
0x0.5 + 6x0.5,[ 0.  0.  0.  0. 65.  0.  0.  0.],[70. 20. 60. 70.  0. 80. 30. 80.],[308 294 337 276 268 180 310 222]
0x0.6 + 6x0.4,[ 0.  0.  0.  0. 73.  0.  0.  0.],[70. 10. 30. 60.  0. 80. 60. 80.],[308 298 452 419 242 181 196 272]
0x0.7 + 6x0.3,[ 0.  0.  0.  0. 74.  0.  0.  0.],[ 70.  50.  60.  60.   0.  70. 100.  70.],[332 304 226 501 293 235  25 299]
0x0.8 + 6x0.2,[ 0.  0.  0.  0. 73.  0.  0. 57.],[ 40.  50.  70.  60.   0.  70. 100.   0.],[387 358 228 532 267 249  25 386]
0x0.9 + 6x0.1,[ 0.  0. 12.  0. 86.  0.  0. 63.],[40. 10.  0. 10.  0. 70. 90.  0.],[386 363 496 717 201 261  32 483]
0x0.1 + 7x0.9,[ 0. 76.  0.  0. 65.  0.  0.  5.],[70.  0. 60. 70.  0. 80. 10.  0.],[312 237 337 269 268 174 319 480]
0x0.2 + 7x0.8,[ 0. 70.  0.  0. 65.  0.  0.  6.],[70.  0. 60. 70.  0. 70. 10.  0.],[312 247 337 269 268 163 332 480]
0x0.3 + 7x0.7,[ 0. 70.  0.  0. 65.  0.  0.  0.],[70.  0. 60. 70.  0. 70. 10. 50.],[312 247 337 269 268 163 381 373]
0x0.4 + 7x0.6,[ 0. 70.  0.  0. 65.  0.  0.  0.],[70.  0. 60. 70.  0. 70. 10. 50.],[312 247 337 269 268 163 382 373]
0x0.5 + 7x0.5,[ 0. 70.  0.  0. 65.  0.  0.  0.],[70.  0. 60. 70.  0. 70. 10. 10.],[313 247 337 272 268 163 351 391]
0x0.6 + 7x0.4,[ 0. 72.  0.  0. 62.  0.  0.  0.],[70.  0. 20. 70.  0. 70. 10. 70.],[308 278 501 346 268 242 185 285]
0x0.7 + 7x0.3,[ 0. 72.  0.  0. 68.  0.  0.  0.],[70.  0. 60. 70.  0. 70. 10. 70.],[314 278 335 411 294 262 179 323]
0x0.8 + 7x0.2,[ 0. 76.  0.  0. 74.  0.  0. 51.],[ 60.   0.  60.  70.   0.  70. 100.   0.],[328 247 340 337 294 248  25 509]
0x0.9 + 7x0.1,[ 0. 68.  0.  0. 88.  0.  0.  0.],[70.  0. 10. 50.  0. 70. 90. 10.],[332 278 515 639 212 264  32 677]
1x0.1 + 2x0.9,[ 0. 72. 52.  8. 63.  0.  0. 51.],[70.  0.  0.  0.  0. 50. 10.  0.],[365 278 448 886 268 270 257 320]
1x0.2 + 2x0.8,[ 0. 66.  0.  0. 63.  0.  0. 20.],[70.  0. 20. 10.  0. 60. 10.  0.],[ 365  278  503 1166  268  405  202  580]
1x0.3 + 2x0.7,[ 0.  0.  0.  0. 56.  0.  0.  3.],[70. 20. 50. 80.  0. 80. 10. 10.],[ 356  370  512  637  294  378  202 1000]
1x0.4 + 2x0.6,[ 0.  0.  0.  0. 60.  0.  0.  0.],[50. 20. 50. 80.  0. 50. 60. 40.],[376 335 536 756 372 496 201 546]
1x0.5 + 2x0.5,[ 0.  0.  0.  0. 60.  0.  0. 14.],[50. 60. 60. 70.  0. 80. 90.  0.],[406 337 538 361 396 341  45 665]
1x0.6 + 2x0.4,[ 0.  0.  0.  0. 84.  0.  0.  9.],[30. 80. 60. 70.  0. 90. 80. 20.],[ 368  323  530  623  369  356  198 1000]
1x0.7 + 2x0.3,[ 0.  0.  0.  0. 23.  0.  0.  9.],[40. 10. 20. 80. 40. 90. 60.  0.],[ 366  376  522  482 1000  356  196  879]
1x0.8 + 2x0.2,[ 0.  0.  0.  0. 86.  0.  0.  0.],[40. 50. 40. 80.  0. 60. 20. 30.],[433 375 521 555 279 533 183 804]
1x0.9 + 2x0.1,[ 0.  0.  0.  0. 60.  0.  0. 21.],[50. 40. 30. 90.  0. 80. 20.  0.],[334 378 496 387 345 557 176 735]
1x0.1 + 3x0.9,[ 0. 72. 32.  0. 61.  0. 81.  8.],[70.  0.  0. 70.  0. 70.  0.  0.],[332 278 496 428 320 301 171 770]
1x0.2 + 3x0.8,[ 0. 70.  0.  0. 56.  0. 81. 18.],[70.  0. 10. 70.  0. 70.  0.  0.],[332 258 454 407 320 248 171 665]
1x0.3 + 3x0.7,[ 0. 78.  0.  0. 54.  0. 81. 31.],[70.  0. 50. 70.  0. 70.  0.  0.],[332 237 343 404 320 251 171 626]
1x0.4 + 3x0.6,[ 0. 78.  0.  0. 63.  0. 81. 32.],[70.  0. 40. 70.  0. 90.  0.  0.],[332 237 339 407 268 264 171 424]
1x0.5 + 3x0.5,[ 0. 70.  0.  0. 63.  0. 81. 41.],[ 70.   0.  50.  60.   0. 100.   0.   0.],[332 247 338 599 268 235 171 474]
1x0.6 + 3x0.4,[ 0. 70.  0.  0. 63.  0. 81.  0.],[70.  0. 30. 80.  0. 80.  0. 70.],[337 247 338 594 268 271 171 467]
1x0.7 + 3x0.3,[ 0. 70.  0.  0. 59.  0. 81.  0.],[70.  0. 40. 70.  0. 90.  0. 60.],[350 247 338 423 294 264 171 520]
1x0.8 + 3x0.2,[ 0. 70.  0.  0. 57.  0. 81.  0.],[60.  0. 30. 40.  0.  0.  0. 80.],[343 247 338 504 294 406 171 447]
1x0.9 + 3x0.1,[ 0. 72.  0.  0. 57.  0. 74.  0.],[50.  0. 30. 30.  0. 50.  0. 70.],[640 258 453 522 294 463 158 425]
1x0.1 + 4x0.9,[ 0. 28.  0.  0. 60.  0.  0. 35.],[70.  0. 20. 70.  0. 20. 20.  0.],[308 227 324 291 241 351 232 347]
1x0.2 + 4x0.8,[ 0.  8.  0.  0. 59.  0.  0.  0.],[70.  0. 50. 60.  0. 30. 20. 80.],[308 238 338 314 294 354 243 222]
1x0.3 + 4x0.7,[ 0. 70.  0.  0. 65.  0.  0.  0.],[70.  0. 60. 70.  0. 30. 10. 80.],[308 247 337 269 268 360 285 222]
1x0.4 + 4x0.6,[ 0. 70.  0.  0. 65.  0.  0.  0.],[70.  0. 60. 70.  0. 70. 10. 80.],[308 247 337 269 268 242 307 227]
1x0.5 + 4x0.5,[ 0. 70.  0.  0. 65.  0.  0.  0.],[70.  0. 60. 70.  0. 60. 10. 80.],[308 247 337 269 268 222 307 234]
1x0.6 + 4x0.4,[ 0. 70.  0.  0. 65.  0.  0.  0.],[70.  0. 60. 70.  0. 90. 10. 70.],[308 247 338 269 268 188 307 237]
1x0.7 + 4x0.3,[ 0. 70. 10.  0. 63.  0.  0.  0.],[70.  0.  0. 70.  0. 70. 10. 70.],[308 247 487 269 268 237 307 243]
1x0.8 + 4x0.2,[ 0. 70. 30.  0. 63.  0.  0.  0.],[70.  0.  0. 70.  0. 70. 10. 60.],[331 247 373 269 268 288 319 442]
1x0.9 + 4x0.1,[ 0. 72. 26.  0. 59.  0.  0.  0.],[80.  0.  0. 70.  0. 70. 10. 70.],[348 258 496 285 294 432 322 545]
1x0.1 + 5x0.9,[ 0. 66.  0.  0. 62.  0.  0. 29.],[80.  0. 30. 60.  0. 70. 10.  0.],[321 157 246 248 250 226 214 331]
1x0.2 + 5x0.8,[ 0. 66.  0.  0. 57.  0.  0. 29.],[80.  0. 30. 60.  0. 40. 90.  0.],[321 191 246 246 290 295  28 331]
1x0.3 + 5x0.7,[ 0.  0.  0.  0. 74.  0.  0. 28.],[90. 10. 20. 40.  0. 60. 30.  0.],[321 221 261 385 290 252 256 331]
1x0.4 + 5x0.6,[ 0.  0.  0.  0. 78.  0.  0.  0.],[40. 60. 30. 80.  0. 60. 80. 40.],[323 357 295 225 187 244 253 554]
1x0.5 + 5x0.5,[ 0.  0.  0.  0. 62.  0.  0.  0.],[60. 70. 50. 90.  0. 90. 60. 60.],[311 348 300 402 320 391 249 529]
1x0.6 + 5x0.4,[ 0.  0.  0.  0. 72.  0.  0.  0.],[50. 70. 20. 90.  0. 80. 90. 60.],[572 550 586 408 332 383  38 475]
1x0.7 + 5x0.3,[ 0.  0.  0.  0. 68.  0.  0.  0.],[50. 50. 40. 90.  0. 60. 90. 60.],[664 486 716 438 423 483  39 515]
1x0.8 + 5x0.2,[ 0.  0.  0.  0. 69.  0.  0.  0.],[50. 40. 60. 90.  0. 50. 50. 50.],[492 550 598 430 294 440 167 541]
1x0.9 + 5x0.1,[ 0.  0.  0.  0. 65.  0.  0.  0.],[30. 10. 10. 50.  0. 80. 20. 70.],[494 406 500 576 268 368 180 449]
1x0.1 + 6x0.9,[ 0. 64.  0.  0. 54.  3. 36.  5.],[70.  0. 50. 60.  0.  0.  0.  0.],[318 258 338 245 273 340 197 483]
1x0.2 + 6x0.8,[ 0. 64.  0.  0. 55.  0.  0.  5.],[70.  0. 60. 60.  0. 20. 10.  0.],[319 258 337 248 274 321 311 480]
1x0.3 + 6x0.7,[ 0. 70.  0.  0. 59.  0.  0.  0.],[70.  0. 60. 60.  0. 50. 10. 80.],[319 247 337 284 265 266 298 362]
1x0.4 + 6x0.6,[ 0. 70.  0.  0. 65.  0.  0.  0.],[70.  0. 60. 80.  0. 40. 10. 80.],[319 247 337 448 268 303 249 360]
1x0.5 + 6x0.5,[ 0. 82.  0.  0. 64.  0.  0.  0.],[50.  0. 60. 80.  0. 10. 10. 10.],[362 258 338 456 294 387 245 617]
1x0.6 + 6x0.4,[ 0.  0.  0.  0.  0.  0.  0. 34.],[20. 30. 50. 80. 10. 40. 60.  0.],[361 335 338 447 846 394 104 601]
1x0.7 + 6x0.3,[0. 0. 0. 0. 2. 0. 0. 0.],[50. 70. 10. 70.  0. 30. 60. 40.],[381 338 523 473 866 460 242 619]
1x0.8 + 6x0.2,[ 0.  0.  0.  0. 74.  0.  0.  0.],[50. 40. 30. 90.  0. 90. 40. 70.],[646 602 510 419 371 394 162 514]
1x0.9 + 6x0.1,[ 0.  0. 10.  0. 63.  0.  0.  0.],[50. 30.  0. 60.  0. 60. 10. 70.],[494 556 497 465 320 427 165 409]
1x0.1 + 7x0.9,[ 0. 70.  0.  0. 65.  0.  0.  6.],[70.  0. 60. 70.  0. 80. 20.  0.],[312 247 338 270 268 180 251 480]
1x0.2 + 7x0.8,[ 0. 70.  0.  0. 65.  0.  0.  6.],[70.  0. 60. 70.  0. 50. 10.  0.],[312 247 337 269 268 199 328 480]
1x0.3 + 7x0.7,[ 0. 70.  0.  0. 65.  0.  0.  0.],[70.  0. 60. 70.  0. 40. 10. 30.],[312 247 337 269 268 217 332 391]
1x0.4 + 7x0.6,[ 0. 70.  0.  0. 65.  0.  0.  0.],[70.  0. 60. 70.  0. 70. 10. 40.],[312 247 337 269 268 163 337 384]
1x0.5 + 7x0.5,[ 0. 70.  0.  0. 65.  0.  0.  0.],[70.  0. 60. 70.  0. 70. 10. 50.],[312 247 337 269 268 163 397 373]
1x0.6 + 7x0.4,[ 0. 70.  0.  0. 65.  0.  0.  0.],[70.  0. 60. 70.  0. 70. 10. 50.],[312 247 337 269 268 164 415 373]
1x0.7 + 7x0.3,[ 0. 70.  0.  0. 65.  0.  0.  0.],[ 70.   0.  60.  70.   0. 100.  10.  30.],[312 247 338 269 268 236 417 388]
1x0.8 + 7x0.2,[ 0. 80.  0.  0. 65.  0.  0. 48.],[70.  0. 50. 70.  0. 60. 10.  0.],[322 237 339 269 268 367 378 512]
1x0.9 + 7x0.1,[ 0.  0.  0.  0. 66.  0.  0.  0.],[10. 10. 50. 70.  0. 50. 10. 50.],[361 371 340 407 268 540 185 481]
2x0.1 + 3x0.9,[ 0. 72. 24.  0. 63.  0.  0. 20.],[ 70.   0.   0.  60.   0. 100.  50.   0.],[345 278 497 509 320 300 174 665]
2x0.2 + 3x0.8,[100.  72.  22.   0.  51.   0.   0.  67.],[ 0.  0.  0. 80.  0. 90. 80.  0.],[184 288 486 488 658 312  45 328]
2x0.3 + 3x0.7,[ 0.  0.  0.  0. 80.  0.  0.  0.],[ 50.  20.  30.  80.   0. 100. 100.  70.],[398 408 522 485 332 262  24 367]
2x0.4 + 3x0.6,[ 0.  0.  0.  0. 82.  0.  0.  0.],[ 50.  70.  30.  80.   0. 100. 100.  70.],[398 340 522 485 332 259  23 367]
2x0.5 + 3x0.5,[ 0.  0.  0.  0. 82.  0.  0.  0.],[ 50.  70.  30.  80.   0. 100. 100.  70.],[398 342 522 485 332 258  23 367]
2x0.6 + 3x0.4,[ 0.  0.  0.  0. 82.  0.  0.  0.],[ 50.  70.  30.  80.   0.  90. 100.  70.],[398 342 522 485 332 345  15 367]
2x0.7 + 3x0.3,[ 0.  0.  0.  0. 82.  0.  0.  0.],[ 50.  70.  30.  80.   0.  90. 100.  70.],[398 342 522 485 332 301  23 367]
2x0.8 + 3x0.2,[ 0.  0.  0.  0. 78.  0.  0.  0.],[50. 70. 30. 80.  0. 80. 90. 60.],[398 342 522 335 397 165  33 338]
2x0.9 + 3x0.1,[ 0.  0.  0.  0. 70.  0.  0.  0.],[50. 70. 20. 50.  0. 70. 90. 60.],[ 385  336  529 1010  268  280   33  313]
2x0.1 + 4x0.9,[ 0. 28.  0.  0. 77.  0.  4. 44.],[70.  0. 20. 60.  0. 30.  0.  0.],[308 227 328 355 237 360 223 345]
2x0.2 + 4x0.8,[ 0.  0.  0.  0. 57.  0.  0.  0.],[70. 20. 70. 70.  0. 40. 20. 80.],[308 216 336 298 372 373 242 222]
2x0.3 + 4x0.7,[ 0. 64.  0.  0. 69.  0.  0.  0.],[70.  0. 70. 70.  0. 70. 20. 80.],[308 258 338 302 306 292 305 226]
2x0.4 + 4x0.6,[ 0. 70.  0.  0. 75.  0.  0.  0.],[70.  0. 60. 70.  0. 70. 10. 80.],[365 247 338 326 293 228 202 312]
2x0.5 + 4x0.5,[ 0. 72.  0.  0. 61.  0.  0.  0.],[70.  0. 40. 70.  0. 70. 10. 80.],[375 247 338 319 306 163 202 344]
2x0.6 + 4x0.4,[ 0. 72.  0.  0. 63.  0.  0.  0.],[70.  0. 10. 70.  0. 70. 20. 80.],[375 278 528 319 346 163 199 315]
2x0.7 + 4x0.3,[ 0. 72.  6.  0. 69.  0.  0.  0.],[70.  0.  0. 70.  0. 70. 20. 80.],[375 278 486 323 345 163 308 260]
2x0.8 + 4x0.2,[ 0. 72. 30. 27. 65.  0.  0.  0.],[70.  0.  0.  0.  0. 60. 20. 80.],[375 278 474 860 372 242 308 260]
2x0.9 + 4x0.1,[ 0. 72. 30.  0. 63.  0.  0. 33.],[70.  0.  0. 10.  0. 60. 30.  0.],[365 278 474 755 346 246 205 525]
2x0.1 + 5x0.9,[ 0.  0.  0.  0. 65.  0.  0.  0.],[70. 20. 60. 70.  0. 70. 70. 80.],[308 323 338 269 268 182 318 222]
2x0.2 + 5x0.8,[ 0. 70.  0.  0. 61.  0.  0.  0.],[70.  0. 60. 70.  0. 70. 70. 80.],[308 288 338 269 268 163 318 222]
2x0.3 + 5x0.7,[ 0.  0.  0.  0. 62.  0.  0.  0.],[70. 10. 60. 70.  0. 70. 60. 80.],[308 308 338 269 268 163 313 222]
2x0.4 + 5x0.6,[ 0.  0.  0.  0. 63.  0.  0.  0.],[70. 40. 60. 70.  0. 70. 10. 80.],[308 299 338 269 268 163 316 223]
2x0.5 + 5x0.5,[ 0. 42.  0.  0. 65.  0.  0.  0.],[70.  0. 60. 70.  0. 70. 10. 80.],[308 258 338 269 268 163 315 225]
2x0.6 + 5x0.4,[ 0. 60.  0.  0. 65.  0.  0.  0.],[70.  0. 30. 70.  0. 70. 10. 80.],[308 288 338 303 268 163 319 223]
2x0.7 + 5x0.3,[ 0. 72.  0.  0. 65.  0.  0.  0.],[70.  0. 40. 70.  0. 70. 10. 80.],[331 237 340 295 268 163 250 223]
2x0.8 + 5x0.2,[ 0. 76.  0.  0. 65.  0.  0.  0.],[70.  0. 20. 70.  0. 70. 10. 80.],[321 278 534 302 268 163 245 297]
2x0.9 + 5x0.1,[ 0. 76. 22.  0. 63.  0.  0.  0.],[70.  0.  0. 70.  0. 60. 10. 80.],[365 278 497 323 268 263 246 330]
2x0.1 + 6x0.9,[ 0. 64.  0.  0. 59.  0.  0.  5.],[70.  0. 60. 60.  0. 60. 10.  0.],[319 258 337 291 264 202 312 480]
2x0.2 + 6x0.8,[ 0. 76.  0.  0. 59.  0.  0.  0.],[70.  0. 60. 60.  0. 80. 10. 80.],[319 237 337 295 292 164 298 343]
2x0.3 + 6x0.7,[ 0. 70.  0.  0. 65.  0.  0.  0.],[70.  0. 60. 60.  0. 80. 10. 80.],[319 247 337 310 268 218 309 222]
2x0.4 + 6x0.6,[ 0. 70.  0.  0. 65.  0.  0.  0.],[70.  0. 60. 70.  0. 80. 10. 80.],[308 247 337 269 268 182 310 222]
2x0.5 + 6x0.5,[ 0. 70.  0.  0. 65.  0.  0.  0.],[70.  0. 10. 70.  0. 70. 10. 80.],[308 247 453 269 268 163 307 222]
2x0.6 + 6x0.4,[ 0. 70.  0.  0. 65.  0.  0.  0.],[70.  0. 80. 70.  0. 70. 10. 80.],[308 247 225 269 268 163 307 222]
2x0.7 + 6x0.3,[ 0. 70.  0.  0. 65.  0.  0.  0.],[70.  0. 40. 70.  0. 70. 10. 80.],[308 247 337 269 268 163 309 223]
2x0.8 + 6x0.2,[ 0. 74. 10.  0. 65.  0.  0.  0.],[70.  0.  0. 70.  0. 70. 10. 80.],[308 247 473 289 268 163 320 227]
2x0.9 + 6x0.1,[ 0. 72. 16.  0. 63.  0.  0. 60.],[70.  0.  0. 70.  0. 50. 10.  0.],[334 278 486 493 268 266 406 344]
2x0.1 + 7x0.9,[ 0. 64.  0.  0. 65.  0.  9.  6.],[70.  0. 60. 60.  0. 50.  0.  0.],[312 258 337 292 268 243 210 480]
2x0.2 + 7x0.8,[ 0. 70.  0.  0. 65.  0.  0.  0.],[70.  0. 60. 60.  0. 50. 10. 30.],[312 247 337 268 268 201 245 391]
2x0.3 + 7x0.7,[ 0. 70.  0.  0. 65.  0.  8.  0.],[70.  0. 60. 60.  0. 60. 10. 40.],[ 308  247  337  270  268  223 1000  384]
2x0.4 + 7x0.6,[ 0. 70.  0.  0. 65.  0.  0.  0.],[70.  0. 60. 60.  0. 60. 10. 80.],[308 247 337 276 268 209 307 222]
2x0.5 + 7x0.5,[ 0. 70.  0.  0. 65.  0.  0.  0.],[70.  0. 60. 70.  0. 50. 10. 80.],[308 247 337 268 268 225 307 222]
2x0.6 + 7x0.4,[ 0. 70.  0.  0. 65.  0.  0.  0.],[70.  0. 60. 70.  0. 50. 10. 80.],[308 247 337 269 268 225 307 222]
2x0.7 + 7x0.3,[ 0. 70.  0.  0. 65.  0.  0.  0.],[70.  0. 60. 70.  0. 50. 10. 80.],[308 247 337 269 268 225 308 229]
2x0.8 + 7x0.2,[ 0. 70.  0.  0. 65.  0.  0.  0.],[70.  0. 60. 70.  0. 50. 10. 80.],[308 247 337 269 268 272 307 223]
2x0.9 + 7x0.1,[ 0. 72. 18.  0. 63.  0.  0. 36.],[70.  0.  0. 70.  0. 60. 10.  0.],[308 278 473 285 268 285 319 419]
3x0.1 + 4x0.9,[ 0.  2.  0.  0. 60.  0.  5.  0.],[90.  0. 70. 70.  0. 50.  0. 40.],[315 157 158 251 301 270 197 463]
3x0.2 + 4x0.8,[ 0.  0.  0.  0. 60.  0. 24.  0.],[70. 20. 60. 80.  0. 50.  0. 60.],[297 140 154 255 403 301 236 375]
3x0.3 + 4x0.7,[ 0.  0.  0.  0. 68.  0. 60.  0.],[70. 20. 80. 80.  0. 70.  0. 60.],[170 139 168 258 236 290 158 372]
3x0.4 + 4x0.6,[ 0.  0.  0.  0. 65.  0.  0.  0.],[70. 20. 70. 80.  0. 90. 20. 30.],[173 145 171 268 325 329 120 604]
3x0.5 + 4x0.5,[ 0. 10.  0.  0. 78.  0.  0.  0.],[50.  0. 40. 70.  0. 60. 40. 40.],[307 158 240 347 208 408 125 646]
3x0.6 + 4x0.4,[ 0. 74.  0.  0. 84.  0.  0.  0.],[70.  0. 30. 60.  0. 70. 10. 70.],[328 288 341 480 187 401 181 329]
3x0.7 + 4x0.3,[ 0. 72.  0.  0. 66.  0.  0. 48.],[70.  0. 10. 60.  0. 90. 10.  0.],[345 278 457 492 294 289 194 461]
3x0.8 + 4x0.2,[ 0. 72. 48.  0. 63.  0.  0.  2.],[70.  0.  0. 60.  0. 70. 30.  0.],[333 278 396 468 294 250 174 796]
3x0.9 + 4x0.1,[ 0. 72. 32.  0. 45.  0.  0.  0.],[70.  0.  0. 70.  0. 70. 10. 10.],[332 278 496 428 450 325 176 575]
3x0.1 + 5x0.9,[ 0.  0.  0.  0. 65.  0.  0.  0.],[70. 40. 60. 70.  0. 80. 90. 80.],[308 318 338 269 268 211  28 229]
3x0.2 + 5x0.8,[ 0.  0.  0.  0. 62.  0.  0.  0.],[70. 20. 60. 70.  0. 70. 90. 80.],[308 298 338 269 268 163  28 229]
3x0.3 + 5x0.7,[ 0.  0.  0.  0. 66.  0.  0.  0.],[30. 50. 80. 70.  0. 80. 90. 80.],[308 301 339 268 346 163  36 230]
3x0.4 + 5x0.6,[ 0.  0.  0.  0. 90.  0.  0.  0.],[ 60.  50.  30.  90.   0.  80. 100.  70.],[375 314 521 394 240 283  15 353]
3x0.5 + 5x0.5,[ 0.  0.  0.  0. 82.  0.  0.  0.],[ 50.  70.  30.  90.   0. 100. 100.  70.],[398 342 522 489 332 258  23 367]
3x0.6 + 5x0.4,[ 0.  0.  0.  0. 80.  0.  0.  0.],[ 50.  60.  30.  80.   0. 100. 100.  70.],[398 384 522 485 332 262  25 367]
3x0.7 + 5x0.3,[ 0. 76.  0.  0. 84.  0.  0. 20.],[ 50.   0.  30.  80.   0. 100.  80.   0.],[398 268 522 485 358 262  43 821]
3x0.8 + 5x0.2,[ 0. 72. 16.  0. 84.  0.  0.  0.],[70.  0.  0. 80.  0. 90. 20. 10.],[385 278 461 488 358 329 174 831]
3x0.9 + 5x0.1,[ 0. 72.  0.  0. 55.  0.  0.  9.],[70.  0. 10. 60.  0. 80. 50.  0.],[333 278 513 510 306 356 174 769]
3x0.1 + 6x0.9,[ 0. 64.  0.  0. 58.  2. 36.  5.],[70.  0. 60. 60.  0.  0.  0.  0.],[318 258 337 291 275 340 197 480]
3x0.2 + 6x0.8,[ 0. 64.  0.  0. 61.  0.  0.  5.],[70.  0. 60. 60.  0. 40. 10.  0.],[308 258 337 307 239 292 313 480]
3x0.3 + 6x0.7,[ 0. 76.  0.  0. 59.  0.  0.  0.],[70.  0. 50. 70.  0. 70. 10. 20.],[369 237 450 409 293 255 244 693]
3x0.4 + 6x0.6,[ 0.  0.  0.  0.  0.  0.  0. 53.],[50. 20. 20. 80. 90. 90. 90.  0.],[398 389 463 486 936 537  32 615]
3x0.5 + 6x0.5,[ 0.  0.  0.  0. 82.  0.  0.  0.],[ 50.  20.  30.  80.   0. 100.  90.  70.],[398 409 522 485 332 259  52 367]
3x0.6 + 6x0.4,[ 0.  0.  0.  0. 82.  0.  0.  0.],[ 50.  20.  30.  80.   0. 100.  90.  70.],[398 406 522 485 332 262  50 367]
3x0.7 + 6x0.3,[ 0. 64.  0.  0. 78.  0.  0.  0.],[20.  0. 10. 80.  0. 90. 60. 60.],[388 268 529 484 332 313 100 333]
3x0.8 + 6x0.2,[ 0. 72. 36.  0. 70.  0.  0.  0.],[60.  0.  0. 60.  0. 90. 80. 70.],[400 278 422 532 281 303  42 336]
3x0.9 + 6x0.1,[ 0. 72. 34.  0. 63.  0.  0. 48.],[70.  0.  0. 60.  0. 80. 50.  0.],[333 278 496 509 294 297 173 461]
3x0.1 + 7x0.9,[ 0. 64.  0.  0. 65.  0.  7.  5.],[70.  0. 60. 70.  0. 10.  0.  0.],[311 258 181 232 268 345 210 480]
3x0.2 + 7x0.8,[ 0. 64.  0.  0. 65.  0.  3.  0.],[70.  0. 60. 80.  0. 10.  0. 30.],[314 258 168 219 268 348 210 391]
3x0.3 + 7x0.7,[ 0.  0.  0.  0. 41.  0.  0.  0.],[ 40.  20.  60.  80. 100.  70.  40.  10.],[ 370  393  196  252 1000  206  219  699]
3x0.4 + 7x0.6,[ 0.  0.  0.  0. 82.  0.  0.  0.],[ 50.  30.  60.  30.   0.  70. 100.  10.],[ 398  339  211 1123  332  426   15  774]
3x0.5 + 7x0.5,[ 0.  0.  0.  0. 82.  0.  0. 29.],[ 50.  40.  50.  50.   0.  90. 100.   0.],[398 361 327 963 332 345  15 847]
3x0.6 + 7x0.4,[ 0.  0.  0.  0. 82.  0.  0. 22.],[ 50.  40.  30.  70.   0. 100. 100.  20.],[ 398  414  522  927  332  262   23 1000]
3x0.7 + 7x0.3,[ 0. 72. 36.  0. 83.  0.  0. 39.],[ 70.   0.   0.  60.   0. 100. 100.   0.],[393 278 422 508 254 313  25 475]
3x0.8 + 7x0.2,[ 0. 72. 34.  0. 61.  0.  0. 30.],[70.  0.  0. 60.  0. 80. 10.  0.],[333 278 496 489 307 295 178 666]
3x0.9 + 7x0.1,[ 0. 72. 32.  0. 47.  0.  0.  0.],[70.  0.  0. 60.  0. 80. 10. 10.],[332 278 496 491 424 325 177 666]
4x0.1 + 5x0.9,[ 0. 58.  0.  0. 50.  0. 29. 28.],[80.  0. 30. 50.  0. 70.  0.  0.],[321 169 252 293 300 234 197 331]
4x0.2 + 5x0.8,[ 0. 64.  0.  0. 56.  0. 41. 29.],[90.  0. 30. 60.  0. 70.  0.  0.],[321 168 246 260 273 242 184 331]
4x0.3 + 5x0.7,[ 0. 66.  0.  0. 50.  0.  5. 29.],[90.  0. 60. 60.  0. 60.  0.  0.],[321 168 205 261 271 294 197 331]
4x0.4 + 5x0.6,[ 0. 66.  0.  0. 47.  0.  1. 25.],[90.  0. 70. 60.  0. 80.  0.  0.],[319 157 157 223 270 265 210 409]
4x0.5 + 5x0.5,[ 0.  6.  0.  0. 45.  0. 18. 17.],[90.  0. 70. 60.  0. 80.  0.  0.],[298 156 154 225 269 263 210 409]
4x0.6 + 5x0.4,[ 0.  4.  0.  0. 44.  0.  0. 17.],[90.  0. 60. 60.  0. 60. 20.  0.],[314 156 208 225 269 265 192 409]
4x0.7 + 5x0.3,[ 0.  4.  0.  0. 47.  0.  0. 18.],[90.  0. 60. 60.  0. 40. 20.  0.],[306 156 207 225 270 297 192 409]
4x0.8 + 5x0.2,[ 0.  4.  0.  0. 50.  0.  0. 18.],[90.  0. 60. 60.  0. 30. 20.  0.],[306 156 211 242 271 325 193 447]
4x0.9 + 5x0.1,[ 0.  4.  0.  0. 59.  3.  0. 28.],[90.  0. 70. 60.  0.  0. 10.  0.],[307 157 157 269 273 329 205 321]
4x0.1 + 6x0.9,[ 0. 64.  0.  0. 56.  0. 33.  5.],[70.  0. 10. 60.  0. 50.  0.  0.],[318 258 279 253 273 258 197 480]
4x0.2 + 6x0.8,[ 0. 64.  0.  0. 56.  0.  0.  5.],[70.  0. 10. 60.  0. 50. 10.  0.],[319 258 281 254 274 254 248 480]
4x0.3 + 6x0.7,[ 0. 64.  8.  0. 47.  0.  0.  5.],[70.  0.  0. 60.  0. 50. 10.  0.],[319 258 327 286 300 244 284 480]
4x0.4 + 6x0.6,[ 0. 64.  8.  0. 61.  0.  0.  5.],[70.  0.  0. 60.  0. 60. 10.  0.],[308 258 327 290 250 257 284 480]
4x0.5 + 6x0.5,[ 0. 64.  0.  0. 61.  0.  0.  5.],[70.  0. 20. 60.  0. 20. 10.  0.],[308 258 325 297 240 353 280 480]
4x0.6 + 6x0.4,[ 0. 64.  0.  0. 61.  0.  0.  5.],[70.  0. 20. 60.  0. 50. 20.  0.],[308 258 323 304 241 259 246 480]
4x0.7 + 6x0.3,[ 0. 32.  0.  0. 61.  0.  0.  5.],[70.  0. 20. 60.  0. 50. 20.  0.],[308 258 322 307 241 265 240 480]
4x0.8 + 6x0.2,[ 0.  0.  0.  0. 62.  0.  0.  5.],[70. 20. 10. 60.  0. 10. 20.  0.],[308 216 324 305 240 350 238 480]
4x0.9 + 6x0.1,[ 0. 28.  0.  0. 62.  0. 14.  5.],[70.  0. 20. 60.  0. 20.  0.  0.],[308 227 286 302 264 350 210 480]
4x0.1 + 7x0.9,[ 0. 76.  0.  0. 65.  0.  0.  0.],[70.  0. 60. 70.  0. 80. 20. 30.],[312 237 337 269 268 172 247 391]
4x0.2 + 7x0.8,[ 0. 70.  0.  0. 65.  0.  0.  0.],[70.  0. 60. 70.  0. 80. 10. 50.],[312 247 337 269 268 172 318 373]
4x0.3 + 7x0.7,[ 0. 70.  0.  0. 65.  0.  0.  0.],[70.  0. 60. 70.  0. 70. 10. 50.],[312 247 337 269 268 163 329 373]
4x0.4 + 7x0.6,[ 0. 70.  0.  0. 65.  0.  0.  0.],[70.  0. 60. 70.  0. 70. 10. 50.],[308 247 337 269 268 163 346 373]
4x0.5 + 7x0.5,[ 0. 70.  0.  0. 63.  0.  0.  0.],[70.  0. 60. 70.  0. 70. 10. 80.],[308 247 337 269 268 163 307 222]
4x0.6 + 7x0.4,[ 0. 70.  0.  0. 60.  0.  0.  0.],[70.  0. 60. 70.  0. 70. 10. 80.],[308 247 337 269 294 163 307 222]
4x0.7 + 7x0.3,[ 0. 70.  0.  0. 69.  0.  0.  0.],[70.  0. 50. 60.  0. 70. 20. 80.],[308 247 337 365 294 154 250 222]
4x0.8 + 7x0.2,[ 0. 64.  0.  0. 65.  0.  0.  0.],[70.  0. 50. 70.  0. 70. 20. 80.],[308 258 336 298 268 182 247 222]
4x0.9 + 7x0.1,[ 0.  0.  0.  0. 63.  0. 15.  5.],[70. 40. 20. 60.  0. 20.  0.  0.],[308 143 329 357 267 355 210 480]
5x0.1 + 6x0.9,[ 0. 72.  0.  0. 51.  0. 21. 29.],[70.  0. 50. 70.  0. 50.  0.  0.],[318 194 155 244 272 288 208 331]
5x0.2 + 6x0.8,[ 0. 78.  0.  0. 49.  0. 31. 29.],[70.  0. 70. 70.  0. 30.  0.  0.],[321 179 154 224 271 264 193 327]
5x0.3 + 6x0.7,[ 0. 76.  0.  0. 48.  0.  5. 29.],[100.   0.  70.  70.   0.  50.   0.   0.],[321 178 157 224 271 215 223 343]
5x0.4 + 6x0.6,[ 0. 72.  0.  0. 46.  0.  1. 29.],[100.   0.  60.  70.   0.  60.   0.   0.],[321 228 155 224 271 263 223 343]
5x0.5 + 6x0.5,[ 0. 80.  0.  0. 47.  0.  0. 29.],[90.  0. 50. 70.  0. 60. 10.  0.],[321 176 160 224 271 254 222 323]
5x0.6 + 6x0.4,[ 0. 78.  0.  0. 53.  0.  0. 29.],[80.  0. 30. 60.  0. 40. 10.  0.],[321 175 252 276 272 274 222 331]
5x0.7 + 6x0.3,[ 0. 64.  0.  0. 56.  0.  0.  5.],[70.  0. 70. 60.  0. 50. 10.  0.],[308 258 337 329 274 243 222 484]
5x0.8 + 6x0.2,[ 0.  0.  0.  0. 59.  0. 12.  5.],[70. 40. 70. 60.  0. 10.  0.  0.],[308 141 337 321 274 353 210 484]
5x0.9 + 6x0.1,[ 0.  2.  0.  0. 49.  0. 48.  0.],[80.  0. 10. 90.  0. 20.  0. 20.],[329 193 269 515 300 327 184 484]
5x0.1 + 7x0.9,[ 0. 64.  0.  0. 65.  0.  8.  5.],[70.  0. 10. 70.  0. 60.  0.  0.],[311 258 328 270 268 242 210 480]
5x0.2 + 7x0.8,[ 0. 64.  0.  0. 65.  0.  0.  5.],[70.  0. 20. 70.  0. 60. 20.  0.],[312 258 327 269 268 235 236 480]
5x0.3 + 7x0.7,[ 0. 64.  0.  0. 65.  0.  0.  6.],[70.  0. 40. 70.  0. 60. 10.  0.],[312 258 333 269 268 236 325 480]
5x0.4 + 7x0.6,[ 0. 76.  0.  0. 65.  0.  0.  6.],[70.  0. 60. 70.  0. 40. 10.  0.],[312 237 337 269 268 313 331 480]
5x0.5 + 7x0.5,[ 0. 64.  0.  0. 65.  0.  0.  0.],[70.  0. 60. 70.  0. 70. 10. 50.],[312 258 337 269 268 163 396 373]
5x0.6 + 7x0.4,[ 0. 64.  0.  0. 65.  0.  0.  0.],[70.  0. 60. 70.  0. 70. 10. 40.],[312 258 337 269 268 163 381 383]
5x0.7 + 7x0.3,[ 0. 64.  0.  0. 65.  0.  0.  0.],[70.  0. 60. 70.  0. 70. 10. 80.],[308 258 337 269 268 163 305 294]
5x0.8 + 7x0.2,[ 0. 64.  0.  0. 65.  0.  0.  0.],[70.  0. 60. 70.  0. 70. 10. 80.],[308 258 337 269 268 172 303 222]
5x0.9 + 7x0.1,[ 0. 78.  0.  0. 64.  0.  0.  0.],[70.  0. 60. 70.  0. 40. 20. 80.],[308 207 337 269 268 242 302 222]
6x0.1 + 7x0.9,[ 0. 76.  0.  0. 65.  0.  0.  0.],[70.  0. 60. 70.  0. 80. 10. 30.],[312 237 337 269 268 172 326 391]
6x0.2 + 7x0.8,[ 0. 70.  0.  0. 65.  0.  0.  0.],[70.  0. 60. 70.  0. 70. 10. 50.],[311 247 337 269 268 163 347 373]
6x0.3 + 7x0.7,[ 0. 70.  0.  0. 65.  0.  0.  0.],[70.  0. 60. 70.  0. 70. 10. 80.],[308 247 337 269 268 163 307 222]
6x0.4 + 7x0.6,[ 0. 70.  0.  0. 65.  0.  0.  0.],[70.  0. 60. 70.  0. 70. 10. 80.],[308 247 337 269 268 163 307 222]
6x0.5 + 7x0.5,[ 0. 70.  0.  0. 65.  0.  0.  0.],[70.  0. 60. 70.  0. 70. 10. 80.],[308 247 337 269 268 163 307 222]
6x0.6 + 7x0.4,[ 0. 70.  0.  0. 65.  0.  0.  0.],[70.  0. 60. 70.  0. 70. 10. 80.],[308 247 337 269 268 163 307 222]
6x0.7 + 7x0.3,[ 0. 70.  0.  0. 65.  0.  0.  0.],[70.  0. 60. 70.  0. 70. 10. 80.],[308 247 337 269 268 163 307 222]
6x0.8 + 7x0.2,[ 0. 70.  0.  0. 66.  0.  0.  0.],[70.  0. 60. 70.  0. 80. 10. 80.],[308 247 337 269 268 182 304 222]
6x0.9 + 7x0.1,[ 0. 70.  0.  0. 61.  0.  0.  5.],[70.  0. 60. 60.  0. 50. 10.  0.],[308 247 337 307 265 220 297 480]
